{
  "news": [
    {
      "id": 1,
      "headline":"Apple announces a new partnership with Google"
    },
    {
      "id": 2,
      "headline":"Sadhguru inaugrates new Life-Line Center at Mumbai"
    },
    {
      "id": 3,
      "headline":"Sales of Electric cars grow 30% in India"
    },
    {
      "id": 4,
      "headline":"India beats England, to play Pakistan in finals of T20 Worl Cup"
    },
    {
      "id": 5,
      "headline":"Crypto market faces a bleak future amid economic recession"
    },
    {
      "id": 6,
      "headline":"Global chip shortage shoots up electronics price by 100%"
    },
    {
      "id": 7,
      "headline":"Rishi Sunak of India orgin becomes new PM of UK"
    },
    {
      "id": 8,
      "headline":"USA passes controversial anti-abortion laws amid massive protests"
    },
    {
      "id": 9,
      "headline":"Rising Sea Levels to submerge Maldives by 2050."
    },
    {
      "id": 10,
      "headline":"Adani beats Ambai to become Asia's richest man."
    }
  ]
}